FLIGHT_ID,ROUTE_ID,AIRCRAFT_ID,ARRIVAL_DATE_TIME,DEPARTURE_DATE_TIME,FLIGHT_TYPE
1,61458,124,2012-02-19 17:42:50,13:46:50,INTERNATIONAL
2,19621,27,2016-03-30 10:10:10,04:18:10,INTERNATIONAL
3,5833,157,2006-02-28 06:51:21,02:09:21,INTERNATIONAL
4,45435,255,2002-05-09 20:30:37,19:31:37,INTERNATIONAL
5,49520,751,2015-03-31 09:58:13,09:24:13,INTERNATIONAL
6,4133,528,2008-03-20 11:21:49,09:27:49,DOMESTIC
7,30995,879,2012-11-14 01:02:47,18:13:47,DOMESTIC
8,28162,636,2015-06-03 01:48:59,00:08:59,INTERNATIONAL
9,7422,561,2014-04-17 22:02:21,18:04:21,INTERNATIONAL
10,64828,581,2010-10-08 23:14:32,18:39:32,INTERNATIONAL
11,13354,256,2003-11-09 15:12:49,14:37:49,INTERNATIONAL
12,4058,120,2017-09-30 07:23:04,01:48:04,INTERNATIONAL
13,16166,60,2002-12-03 04:32:43,23:52:43,INTERNATIONAL
14,6893,488,2004-07-08 14:26:22,13:49:22,INTERNATIONAL
15,21158,282,2012-07-02 00:03:40,21:24:40,DOMESTIC
16,44931,847,2014-04-01 08:38:40,02:56:40,DOMESTIC
17,23687,656,2002-03-29 04:22:18,03:50:18,DOMESTIC
18,65912,150,2006-04-17 11:39:27,08:49:27,DOMESTIC
19,5035,803,2010-08-20 10:11:02,05:19:02,DOMESTIC
20,12518,654,2003-11-10 23:06:48,22:09:48,INTERNATIONAL
21,67146,433,2007-09-29 06:27:33,03:52:33,INTERNATIONAL
22,40,73,2008-07-29 08:01:10,07:20:10,INTERNATIONAL
23,51269,408,2009-02-12 08:11:13,01:11:13,DOMESTIC
24,28146,257,2004-12-21 12:53:18,10:18:18,DOMESTIC
25,41014,26,2007-05-16 23:41:55,16:56:55,INTERNATIONAL
26,55705,449,2016-01-03 19:38:18,15:39:18,DOMESTIC
27,55840,231,2011-02-10 00:15:37,19:37:37,INTERNATIONAL
28,63958,753,2002-04-01 21:33:18,15:47:18,DOMESTIC
29,35733,813,2011-10-24 05:50:27,01:19:27,INTERNATIONAL
30,39518,658,2000-12-24 17:07:22,14:34:22,DOMESTIC
31,48629,1,2011-06-16 19:25:28,13:29:28,INTERNATIONAL
32,9939,200,2009-03-01 21:11:49,19:33:49,INTERNATIONAL
33,36733,370,2013-04-16 05:14:38,23:42:38,INTERNATIONAL
34,22776,459,2001-06-20 07:50:49,07:01:49,DOMESTIC
35,36015,481,2013-01-18 02:59:18,22:01:18,INTERNATIONAL
36,16598,819,2017-09-10 07:42:25,06:58:25,DOMESTIC
37,54030,455,2008-01-12 22:14:51,17:33:51,DOMESTIC
38,24086,818,2009-05-15 22:57:38,19:00:38,INTERNATIONAL
39,37821,90,2010-10-02 09:20:12,07:25:12,INTERNATIONAL
40,5110,756,2004-11-04 20:18:57,17:43:57,INTERNATIONAL
41,63246,825,2011-06-19 04:54:12,22:03:12,INTERNATIONAL
42,57916,85,2013-06-26 13:50:29,08:13:29,INTERNATIONAL
43,25405,391,2004-11-28 04:55:30,22:11:30,DOMESTIC
44,50994,204,2010-01-16 18:49:36,14:08:36,INTERNATIONAL
45,55533,281,2004-03-29 13:25:08,08:48:08,DOMESTIC
46,19062,563,2008-08-03 08:23:56,01:49:56,INTERNATIONAL
47,161,849,2002-05-06 16:27:33,09:54:33,INTERNATIONAL
48,11536,640,2014-11-06 13:01:10,07:11:10,INTERNATIONAL
49,25307,404,2015-09-23 12:53:09,10:19:09,DOMESTIC
50,29454,728,2012-05-22 13:53:43,07:18:43,INTERNATIONAL
51,18742,517,2007-08-27 21:18:03,18:25:03,INTERNATIONAL
52,55188,260,2012-05-10 07:36:27,07:02:27,DOMESTIC
53,32837,50,2003-02-16 14:36:27,08:46:27,INTERNATIONAL
54,63355,254,2006-06-22 14:41:37,08:57:37,INTERNATIONAL
55,15123,800,2005-03-09 23:36:48,19:54:48,INTERNATIONAL
56,58528,84,2016-10-28 20:15:29,13:18:29,DOMESTIC
57,66959,99,2006-08-11 04:50:24,03:56:24,INTERNATIONAL
58,9350,285,2011-11-05 13:07:04,06:13:04,INTERNATIONAL
59,13984,345,2013-08-17 05:51:03,04:53:03,INTERNATIONAL
60,63770,591,2016-02-21 04:09:25,21:12:25,INTERNATIONAL
61,21958,516,2017-03-07 02:20:20,23:36:20,INTERNATIONAL
62,34740,377,2013-09-29 00:21:39,17:40:39,INTERNATIONAL
63,52576,733,2003-05-13 09:41:16,03:07:16,INTERNATIONAL
64,23603,596,2007-12-10 01:39:29,19:51:29,INTERNATIONAL
65,46192,388,2008-06-04 13:27:08,08:55:08,INTERNATIONAL
66,54354,103,2013-07-24 10:56:44,08:09:44,INTERNATIONAL
67,24669,873,2001-12-29 03:27:05,21:32:05,DOMESTIC
68,28061,474,2013-07-22 16:12:29,12:42:29,INTERNATIONAL
69,63909,125,2003-02-06 06:51:04,00:52:04,DOMESTIC
70,27258,833,2006-10-02 14:00:27,07:04:27,INTERNATIONAL
71,47253,447,2013-12-18 10:46:00,09:13:00,DOMESTIC
72,44081,538,2010-02-27 16:23:39,10:35:39,DOMESTIC
73,58100,386,2010-08-29 02:32:29,22:47:29,INTERNATIONAL
74,66313,111,2003-06-03 17:48:24,16:17:24,INTERNATIONAL
75,40742,443,2011-05-12 13:09:18,09:28:18,DOMESTIC
76,55190,82,2015-08-30 14:51:54,10:21:54,DOMESTIC
77,25261,356,2013-03-18 03:25:49,01:43:49,DOMESTIC
78,21063,569,2011-05-31 15:11:26,11:16:26,INTERNATIONAL
79,16021,746,2007-03-01 07:40:35,02:59:35,INTERNATIONAL
80,655,729,2001-06-21 09:46:10,05:11:10,INTERNATIONAL
81,65031,208,2014-06-28 23:44:45,17:57:45,INTERNATIONAL
82,18069,412,2015-09-11 16:25:05,09:39:05,INTERNATIONAL
83,55476,308,2014-11-15 20:48:41,18:49:41,INTERNATIONAL
84,30454,360,2011-03-18 12:32:44,09:36:44,DOMESTIC
85,16676,682,2007-04-23 03:15:42,21:19:42,INTERNATIONAL
86,34603,773,2013-12-24 06:47:25,04:08:25,INTERNATIONAL
87,2287,36,2015-07-10 09:01:41,07:19:41,INTERNATIONAL
88,53850,805,2000-12-18 16:55:42,12:22:42,INTERNATIONAL
89,22887,163,2001-10-24 05:42:01,04:06:01,DOMESTIC
90,39449,591,2007-09-23 12:21:52,11:40:52,INTERNATIONAL
91,54174,151,2015-08-25 08:35:36,08:01:36,INTERNATIONAL
92,52507,464,2006-09-07 00:02:39,20:14:39,INTERNATIONAL
93,54943,589,2004-05-09 09:43:44,06:05:44,INTERNATIONAL
94,6452,79,2007-02-21 13:37:00,07:58:00,INTERNATIONAL
95,50063,380,2005-01-14 04:06:05,23:36:05,INTERNATIONAL
96,579,761,2014-09-17 01:53:54,21:54:54,DOMESTIC
97,59735,45,2016-10-04 19:15:13,17:43:13,INTERNATIONAL
98,12108,311,2000-11-24 13:07:34,08:15:34,DOMESTIC
99,3453,773,2008-07-01 00:24:47,17:43:47,INTERNATIONAL
100,43944,486,2002-12-18 20:40:21,20:03:21,DOMESTIC
101,23397,829,2004-07-13 19:25:36,15:40:36,DOMESTIC
102,66127,21,2008-06-17 01:40:18,00:53:18,INTERNATIONAL
103,46718,308,2017-07-02 18:42:07,16:59:07,DOMESTIC
104,39657,351,2016-06-22 20:02:19,17:11:19,DOMESTIC
105,11460,310,2011-02-23 12:39:30,11:41:30,INTERNATIONAL
106,1141,20,2012-04-20 13:11:13,07:36:13,INTERNATIONAL
107,66749,644,2001-01-17 11:32:02,05:41:02,DOMESTIC
108,23269,347,2004-07-12 01:26:05,19:33:05,INTERNATIONAL
109,22506,263,2010-03-11 06:55:10,03:01:10,INTERNATIONAL
110,3297,79,2017-04-04 15:37:41,10:56:41,INTERNATIONAL
111,28884,873,2015-07-13 14:23:37,07:48:37,INTERNATIONAL
112,46393,136,2009-06-14 07:44:41,04:49:41,INTERNATIONAL
113,25099,212,2015-04-17 01:34:09,20:50:09,DOMESTIC
114,12607,741,2008-04-03 12:57:45,07:07:45,DOMESTIC
115,39892,169,2003-08-17 02:03:12,21:18:12,INTERNATIONAL
116,41468,393,2001-02-09 02:49:55,02:05:55,INTERNATIONAL
117,50412,474,2005-10-17 08:41:43,06:47:43,INTERNATIONAL
118,4887,427,2004-07-26 04:09:50,03:26:50,INTERNATIONAL
119,48718,616,2006-01-21 18:38:22,13:06:22,DOMESTIC
120,9055,138,2002-09-21 16:14:32,14:43:32,INTERNATIONAL
121,19442,707,2001-03-02 12:34:57,09:49:57,INTERNATIONAL
122,53150,172,2006-09-08 03:25:11,20:35:11,INTERNATIONAL
123,26732,392,2017-09-15 17:59:43,17:14:43,INTERNATIONAL
124,42850,54,2009-01-12 17:25:15,13:52:15,DOMESTIC
125,35310,802,2008-08-14 13:17:31,06:42:31,INTERNATIONAL
126,49979,536,2000-11-22 20:02:48,14:15:48,DOMESTIC
127,40422,649,2008-09-23 16:31:39,11:46:39,DOMESTIC
128,41472,633,2000-12-25 14:37:00,11:40:00,DOMESTIC
129,38997,514,2016-08-13 07:33:00,01:43:00,INTERNATIONAL
130,51448,265,2015-10-12 14:50:25,13:53:25,DOMESTIC
131,61062,332,2006-01-06 22:22:26,15:27:26,DOMESTIC
132,60858,433,2012-06-30 22:05:40,15:13:40,INTERNATIONAL
133,1513,842,2010-06-01 00:13:34,23:36:34,INTERNATIONAL
134,50882,690,2003-06-08 22:23:49,18:48:49,INTERNATIONAL
135,27944,43,2002-08-20 01:46:55,23:51:55,INTERNATIONAL
136,5473,302,2002-12-01 01:50:55,19:01:55,DOMESTIC
137,43467,654,2013-12-18 15:10:12,10:18:12,INTERNATIONAL
138,57149,288,2009-06-02 21:31:11,17:35:11,DOMESTIC
139,58058,761,2006-07-22 18:35:22,14:43:22,INTERNATIONAL
140,115,845,2008-04-25 11:31:28,09:46:28,INTERNATIONAL
141,42225,449,2014-02-03 21:06:19,15:07:19,INTERNATIONAL
142,21785,86,2016-02-19 10:57:39,06:17:39,DOMESTIC
143,15050,135,2005-06-09 07:15:58,03:26:58,INTERNATIONAL
144,55821,268,2007-02-26 08:29:03,06:55:03,INTERNATIONAL
145,1216,317,2009-04-13 19:34:00,17:44:00,DOMESTIC
146,39539,785,2000-11-05 02:56:16,00:16:16,INTERNATIONAL
147,46003,478,2005-05-11 20:31:40,14:33:40,INTERNATIONAL
148,11992,719,2013-07-25 05:31:33,02:55:33,INTERNATIONAL
149,26941,44,2006-07-23 15:57:53,15:12:53,INTERNATIONAL
150,14251,860,2012-09-24 03:58:55,02:13:55,DOMESTIC
151,29872,359,2015-03-07 00:43:08,17:53:08,DOMESTIC
152,47361,204,2014-10-27 05:41:43,01:51:43,INTERNATIONAL
153,1036,18,2006-03-11 23:03:17,17:23:17,INTERNATIONAL
154,6660,47,2005-10-05 20:18:07,18:47:07,INTERNATIONAL
155,13683,352,2016-07-19 04:31:24,21:53:24,DOMESTIC
156,56356,446,2009-07-16 18:51:46,18:08:46,INTERNATIONAL
157,36313,354,2004-08-14 11:22:08,05:50:08,INTERNATIONAL
158,16092,387,2007-03-01 23:21:34,19:51:34,INTERNATIONAL
159,22247,439,2002-11-04 18:57:04,17:25:04,DOMESTIC
160,18915,361,2002-02-02 08:51:35,04:10:35,INTERNATIONAL
161,58338,686,2004-07-22 05:08:46,02:31:46,INTERNATIONAL
162,61287,390,2007-11-11 18:56:55,16:07:55,INTERNATIONAL
163,59210,602,2015-08-20 12:43:35,05:49:35,DOMESTIC
164,50643,265,2009-07-09 09:46:15,06:11:15,INTERNATIONAL
165,42990,686,2011-07-01 11:53:50,06:03:50,INTERNATIONAL
166,3956,769,2014-01-31 21:46:45,20:00:45,INTERNATIONAL
167,47666,391,2004-10-20 19:01:58,17:23:58,DOMESTIC
168,10432,154,2014-07-20 21:14:08,18:38:08,DOMESTIC
169,65913,880,2007-09-26 17:33:01,12:39:01,DOMESTIC
170,459,755,2005-05-06 10:13:03,05:37:03,DOMESTIC
171,43766,775,2008-04-27 21:47:04,19:15:04,INTERNATIONAL
172,24037,388,2014-09-19 02:24:14,21:49:14,DOMESTIC
173,43074,519,2014-06-07 05:13:21,00:19:21,DOMESTIC
174,566,475,2013-03-24 00:56:34,23:57:34,INTERNATIONAL
175,59126,857,2017-02-03 20:53:45,19:13:45,INTERNATIONAL
176,2960,382,2008-07-17 09:56:31,03:08:31,INTERNATIONAL
177,10056,593,2001-04-11 06:59:15,06:25:15,DOMESTIC
178,40315,321,2009-08-23 22:59:57,20:05:57,DOMESTIC
179,32765,464,2013-11-06 09:11:52,02:24:52,INTERNATIONAL
180,4177,576,2011-08-20 20:33:58,17:46:58,INTERNATIONAL
181,30108,465,2003-02-24 21:39:35,16:09:35,INTERNATIONAL
182,2062,267,2001-10-16 11:00:45,04:19:45,DOMESTIC
183,38952,811,2006-03-13 05:59:24,05:27:24,DOMESTIC
184,50993,636,2017-10-31 00:44:59,21:02:59,INTERNATIONAL
185,29113,773,2015-09-16 06:52:37,02:04:37,INTERNATIONAL
186,18849,429,2013-12-05 21:19:07,17:43:07,INTERNATIONAL
187,4740,46,2007-11-02 12:10:55,06:21:55,DOMESTIC
188,37157,219,2010-02-09 08:50:40,02:16:40,INTERNATIONAL
189,22411,364,2015-10-11 20:07:00,15:21:00,INTERNATIONAL
190,60840,555,2008-03-05 10:28:07,04:39:07,INTERNATIONAL
191,12321,282,2017-11-16 00:13:22,23:25:22,INTERNATIONAL
192,58498,740,2009-07-21 03:33:30,00:50:30,INTERNATIONAL
193,57798,678,2017-09-01 23:17:23,19:35:23,DOMESTIC
194,67655,316,2014-10-06 18:06:42,12:18:42,INTERNATIONAL
195,36063,783,2004-03-10 20:26:19,14:54:19,INTERNATIONAL
196,66534,273,2008-04-28 08:20:45,02:32:45,INTERNATIONAL
197,49247,881,2012-11-27 16:17:18,12:29:18,INTERNATIONAL
198,6113,401,2016-10-02 18:02:31,17:16:31,INTERNATIONAL
199,19587,488,2005-04-13 04:52:04,01:56:04,INTERNATIONAL
200,55359,522,2004-03-03 10:19:25,05:34:25,DOMESTIC
201,13961,552,2004-12-23 03:40:40,01:00:40,DOMESTIC
202,43627,780,2014-10-01 21:00:45,20:26:45,INTERNATIONAL
203,53482,111,2012-06-11 23:01:01,18:13:01,INTERNATIONAL
204,51995,696,2008-04-24 02:05:09,22:10:09,INTERNATIONAL
205,16403,634,2005-08-26 10:04:56,05:29:56,INTERNATIONAL
206,64721,9,2012-11-07 21:25:02,16:41:02,INTERNATIONAL
207,60799,54,2001-03-19 00:00:10,21:07:10,INTERNATIONAL
208,7771,843,2012-02-19 09:42:07,04:42:07,DOMESTIC
209,28025,325,2011-02-14 21:49:35,21:02:35,INTERNATIONAL
210,23568,33,2006-11-24 10:35:35,06:59:35,DOMESTIC
211,31712,67,2004-08-27 22:02:17,15:05:17,INTERNATIONAL
212,67561,429,2009-03-16 03:38:25,22:55:25,DOMESTIC
213,47576,524,2003-02-05 00:59:55,18:02:55,INTERNATIONAL
214,12888,104,2007-05-27 08:40:56,04:44:56,INTERNATIONAL
215,48432,697,2008-11-10 01:29:46,18:34:46,INTERNATIONAL
216,63074,398,2014-09-29 13:01:57,11:23:57,INTERNATIONAL
217,10273,587,2015-09-30 05:26:33,22:38:33,INTERNATIONAL
218,1419,529,2007-12-10 11:38:22,08:52:22,INTERNATIONAL
219,14095,880,2009-02-06 20:05:41,15:18:41,DOMESTIC
220,31263,555,2005-03-07 07:16:15,03:24:15,DOMESTIC
221,7075,285,2014-08-03 11:46:49,09:12:49,DOMESTIC
222,13540,75,2015-02-05 18:21:07,11:45:07,INTERNATIONAL
223,21520,15,2004-09-10 00:02:25,19:11:25,INTERNATIONAL
224,56555,832,2008-11-25 10:34:58,04:59:58,INTERNATIONAL
225,39822,783,2005-09-21 07:51:05,01:08:05,INTERNATIONAL
226,28612,35,2009-03-01 22:52:53,21:00:53,INTERNATIONAL
227,39296,310,2012-02-07 13:23:38,07:43:38,DOMESTIC
228,14506,778,2003-12-03 15:38:15,08:54:15,INTERNATIONAL
229,27025,329,2004-01-28 02:56:52,20:20:52,INTERNATIONAL
230,33244,645,2005-06-28 18:56:59,18:03:59,INTERNATIONAL
231,20351,874,2015-02-14 04:57:34,23:08:34,INTERNATIONAL
232,50238,821,2002-11-01 09:08:42,07:27:42,INTERNATIONAL
233,28822,848,2013-03-16 09:41:21,04:49:21,DOMESTIC
234,39958,178,2003-10-04 14:09:11,11:28:11,INTERNATIONAL
235,2440,820,2009-08-19 19:33:40,12:56:40,DOMESTIC
236,14866,164,2017-05-09 15:50:50,11:03:50,DOMESTIC
237,45410,831,2015-02-16 20:15:21,19:28:21,INTERNATIONAL
238,32012,325,2006-03-31 11:08:00,09:24:00,DOMESTIC
239,45772,20,2015-03-11 18:45:14,14:02:14,DOMESTIC
240,18467,127,2016-11-02 17:08:31,13:15:31,DOMESTIC
241,38221,284,2014-12-28 18:18:38,12:18:38,INTERNATIONAL
242,27740,591,2014-02-21 04:24:41,22:43:41,INTERNATIONAL
243,2303,470,2009-12-15 09:24:15,08:50:15,INTERNATIONAL
244,49038,457,2014-12-07 01:34:53,19:55:53,INTERNATIONAL
245,36734,10,2017-09-29 21:53:43,17:05:43,INTERNATIONAL
246,47967,127,2011-02-05 03:50:06,22:04:06,INTERNATIONAL
247,23425,130,2010-12-14 14:37:10,09:52:10,DOMESTIC
248,51329,407,2015-08-12 13:51:24,10:07:24,DOMESTIC
249,33731,321,2008-06-27 12:17:48,09:17:48,INTERNATIONAL
250,24814,203,2009-11-18 06:49:26,01:56:26,INTERNATIONAL
251,7819,642,2000-12-20 17:28:02,16:54:02,DOMESTIC
252,60686,485,2015-10-16 02:57:20,00:12:20,INTERNATIONAL
253,20040,514,2002-12-02 13:02:09,10:29:09,INTERNATIONAL
254,40118,15,2008-10-31 04:20:13,22:32:13,DOMESTIC
255,7188,385,2017-08-15 09:40:32,09:02:32,INTERNATIONAL
256,22935,805,2002-03-05 18:12:11,11:16:11,INTERNATIONAL
257,26847,530,2011-08-04 06:10:39,02:23:39,DOMESTIC
258,7318,573,2009-11-25 00:43:25,22:53:25,INTERNATIONAL
259,33539,747,2002-10-07 02:36:52,01:56:52,INTERNATIONAL
260,26369,620,2001-05-19 01:45:50,22:57:50,DOMESTIC
261,42834,74,2001-05-29 10:34:40,09:46:40,DOMESTIC
262,28398,361,2011-02-27 12:09:10,09:22:10,INTERNATIONAL
263,3938,339,2002-03-17 10:58:12,04:07:12,INTERNATIONAL
264,12363,207,2012-03-27 05:32:46,01:53:46,INTERNATIONAL
265,61513,324,2013-06-19 12:17:00,06:39:00,INTERNATIONAL
266,33786,592,2016-05-03 18:05:54,16:21:54,INTERNATIONAL
267,51285,541,2005-08-26 16:06:52,10:32:52,INTERNATIONAL
268,58242,286,2001-12-27 03:29:19,22:40:19,INTERNATIONAL
269,27968,104,2002-06-22 17:43:50,14:00:50,DOMESTIC
270,16678,236,2015-11-24 09:36:59,04:05:59,INTERNATIONAL
271,28554,760,2001-08-14 20:58:01,18:28:01,INTERNATIONAL
272,14018,389,2003-04-06 22:37:54,21:46:54,DOMESTIC
273,16759,726,2015-07-22 17:57:04,11:24:04,DOMESTIC
274,59038,855,2007-03-09 03:59:14,23:21:14,DOMESTIC
275,40076,834,2005-05-08 09:24:22,05:32:22,INTERNATIONAL
276,62604,625,2002-03-19 22:28:55,20:50:55,INTERNATIONAL
277,64607,52,2015-04-14 19:26:09,15:31:09,INTERNATIONAL
278,36539,685,2016-09-06 01:37:38,18:47:38,INTERNATIONAL
279,20946,683,2010-01-24 14:46:27,12:55:27,DOMESTIC
280,35658,664,2007-03-19 02:47:39,01:11:39,INTERNATIONAL
281,66355,151,2009-02-01 13:07:38,09:14:38,INTERNATIONAL
282,63974,317,2003-04-26 16:25:29,12:47:29,INTERNATIONAL
283,36283,834,2012-12-19 14:46:31,13:57:31,INTERNATIONAL
284,55579,755,2004-12-13 10:12:38,03:42:38,DOMESTIC
285,42607,164,2017-03-15 04:53:15,22:05:15,INTERNATIONAL
286,40309,525,2011-08-29 01:51:06,21:14:06,INTERNATIONAL
287,61562,639,2017-08-26 02:39:35,19:43:35,INTERNATIONAL
288,44531,187,2012-07-27 02:44:30,22:12:30,DOMESTIC
289,52766,312,2003-06-18 12:05:46,10:19:46,INTERNATIONAL
290,53237,463,2001-12-14 19:02:29,13:09:29,INTERNATIONAL
291,46557,269,2001-05-10 02:22:05,21:24:05,INTERNATIONAL
292,17709,342,2005-03-16 19:36:52,18:49:52,INTERNATIONAL
293,47338,260,2017-11-04 10:19:14,05:24:14,INTERNATIONAL
294,31717,532,2007-09-30 13:39:36,09:00:36,INTERNATIONAL
295,36773,334,2013-11-19 01:59:22,00:12:22,INTERNATIONAL
296,62657,181,2005-10-31 10:50:34,08:02:34,INTERNATIONAL
297,17094,422,2011-03-04 15:09:58,12:28:58,DOMESTIC
298,67179,730,2001-12-13 02:00:09,01:15:09,INTERNATIONAL
299,54395,519,2009-05-30 10:47:10,09:12:10,INTERNATIONAL
300,25621,846,2003-04-21 14:15:14,07:18:14,INTERNATIONAL
301,13543,273,2017-07-26 00:46:49,21:05:49,DOMESTIC
302,40666,206,2016-11-30 13:21:46,11:40:46,INTERNATIONAL
303,25948,323,2013-03-28 23:10:53,20:16:53,DOMESTIC
304,19241,309,2012-03-22 07:38:40,04:58:40,INTERNATIONAL
305,61450,319,2005-10-28 12:34:24,05:56:24,INTERNATIONAL
306,14082,303,2011-11-09 07:12:54,06:15:54,INTERNATIONAL
307,11437,448,2013-09-03 13:58:58,08:24:58,INTERNATIONAL
308,10949,263,2005-08-15 19:22:13,13:52:13,DOMESTIC
309,26266,638,2007-08-07 21:00:40,20:03:40,DOMESTIC
310,50160,9,2002-09-04 21:05:07,17:26:07,INTERNATIONAL
311,25945,582,2015-07-01 16:00:39,10:29:39,DOMESTIC
312,63481,377,2003-04-25 19:36:14,17:44:14,DOMESTIC
313,53004,234,2006-03-19 10:33:15,08:35:15,DOMESTIC
314,21290,422,2007-08-25 06:24:02,03:26:02,DOMESTIC
315,53333,409,2013-02-18 01:58:30,01:05:30,INTERNATIONAL
316,67544,432,2014-08-25 10:05:27,08:12:27,DOMESTIC
317,3532,261,2014-04-04 15:53:56,12:00:56,DOMESTIC
318,15564,463,2004-01-21 18:19:04,12:38:04,DOMESTIC
319,51119,81,2006-03-05 11:01:29,08:13:29,INTERNATIONAL
320,32562,219,2014-06-12 05:17:51,03:29:51,DOMESTIC
321,32738,310,2014-02-19 21:58:18,20:22:18,INTERNATIONAL
322,28351,845,2016-07-11 21:36:41,17:50:41,DOMESTIC
323,15998,727,2010-06-12 18:22:25,14:44:25,INTERNATIONAL
324,12116,516,2010-04-20 20:58:01,19:20:01,INTERNATIONAL
325,36648,368,2009-06-23 03:10:07,21:19:07,DOMESTIC
326,67403,101,2016-08-27 19:05:51,12:09:51,INTERNATIONAL
327,58490,326,2008-02-28 19:42:01,19:03:01,INTERNATIONAL
328,37698,60,2005-10-16 11:00:42,06:20:42,INTERNATIONAL
329,36279,5,2003-09-21 05:27:28,01:34:28,DOMESTIC
330,34328,552,2016-10-22 13:55:54,10:24:54,DOMESTIC
331,67206,394,2017-04-22 15:08:57,08:24:57,INTERNATIONAL
332,4637,130,2013-03-24 02:39:47,01:46:47,INTERNATIONAL
333,44103,457,2005-06-12 17:44:35,11:00:35,INTERNATIONAL
334,63120,682,2004-01-08 20:20:12,16:33:12,INTERNATIONAL
335,20983,175,2007-01-20 19:16:44,18:25:44,DOMESTIC
336,52109,834,2002-12-29 07:05:22,06:08:22,INTERNATIONAL
337,21194,386,2009-06-28 06:54:33,01:16:33,INTERNATIONAL
338,60772,541,2002-12-21 13:37:13,08:03:13,INTERNATIONAL
339,53074,725,2007-11-12 13:08:09,10:32:09,DOMESTIC
340,47191,781,2004-10-09 12:54:05,10:04:05,INTERNATIONAL
341,44525,628,2012-01-07 04:19:31,03:33:31,DOMESTIC
342,43098,20,2003-02-24 12:07:54,06:21:54,INTERNATIONAL
343,13167,195,2008-08-15 21:28:09,16:37:09,INTERNATIONAL
344,6427,204,2010-07-13 22:32:22,17:42:22,DOMESTIC
345,945,64,2014-03-27 13:06:17,12:18:17,DOMESTIC
346,49417,276,2013-12-06 23:02:38,22:02:38,INTERNATIONAL
347,31456,555,2003-08-18 13:16:30,11:33:30,DOMESTIC
348,30001,806,2007-03-13 18:09:45,11:29:45,INTERNATIONAL
349,31277,168,2005-12-08 06:18:55,23:34:55,INTERNATIONAL
350,9240,836,2013-12-03 13:28:19,11:52:19,INTERNATIONAL
351,21630,70,2014-11-09 09:38:06,06:45:06,DOMESTIC
352,55277,148,2012-08-29 17:38:59,12:44:59,INTERNATIONAL
353,12381,499,2001-06-18 18:37:57,13:42:57,INTERNATIONAL
354,22495,195,2015-02-27 01:09:15,19:12:15,DOMESTIC
355,14467,749,2014-05-22 19:12:09,17:22:09,DOMESTIC
356,54157,376,2017-06-26 12:19:17,11:46:17,DOMESTIC
357,12120,365,2017-08-13 11:08:31,05:36:31,INTERNATIONAL
358,5793,865,2008-02-05 08:34:29,04:37:29,INTERNATIONAL
359,6670,747,2008-02-27 01:05:37,19:24:37,INTERNATIONAL
360,26806,282,2012-09-28 03:10:00,23:11:00,DOMESTIC
361,45312,397,2009-01-29 13:48:50,10:58:50,DOMESTIC
362,43465,353,2009-06-02 13:28:27,09:40:27,INTERNATIONAL
363,45428,341,2010-11-23 08:12:03,05:17:03,DOMESTIC
364,40264,811,2011-08-02 02:08:33,01:19:33,INTERNATIONAL
365,47112,420,2017-04-26 08:53:54,07:23:54,DOMESTIC
366,38571,511,2001-04-02 09:29:23,02:33:23,INTERNATIONAL
367,55021,100,2000-11-06 19:45:25,18:15:25,INTERNATIONAL
368,34995,590,2005-06-20 07:06:09,03:27:09,INTERNATIONAL
369,67580,272,2016-12-31 15:20:43,13:27:43,INTERNATIONAL
370,9347,764,2006-12-14 18:40:39,17:47:39,INTERNATIONAL
371,62841,101,2013-01-18 20:24:37,17:28:37,DOMESTIC
372,47914,821,2001-04-15 04:51:20,04:20:20,INTERNATIONAL
373,19153,372,2015-08-14 06:05:00,23:12:00,DOMESTIC
374,4693,712,2014-12-20 11:23:02,08:50:02,INTERNATIONAL
375,1088,550,2007-11-30 17:35:05,12:00:05,DOMESTIC
376,66348,207,2017-04-19 15:46:46,12:59:46,INTERNATIONAL
377,16388,87,2011-11-22 21:56:17,16:26:17,INTERNATIONAL
378,32218,134,2012-04-05 17:39:34,11:58:34,DOMESTIC
379,41616,423,2011-04-21 19:50:17,18:00:17,INTERNATIONAL
380,18072,418,2012-05-20 01:51:00,20:06:00,INTERNATIONAL
381,64053,113,2006-06-12 10:05:03,05:32:03,INTERNATIONAL
382,52169,690,2006-09-20 11:25:45,04:30:45,INTERNATIONAL
383,49399,782,2004-02-13 04:30:05,02:41:05,INTERNATIONAL
384,65054,803,2005-12-28 17:55:05,14:21:05,INTERNATIONAL
385,62683,226,2010-09-14 17:28:07,14:36:07,INTERNATIONAL
386,31812,782,2005-01-30 17:00:37,12:20:37,INTERNATIONAL
387,11239,374,2017-05-02 10:12:32,03:17:32,INTERNATIONAL
388,64814,40,2014-12-07 09:32:49,05:52:49,INTERNATIONAL
389,20330,580,2015-09-01 13:22:22,10:45:22,DOMESTIC
390,12891,241,2008-12-07 20:42:05,17:48:05,INTERNATIONAL
391,26990,391,2002-06-16 08:31:16,01:52:16,INTERNATIONAL
392,63749,492,2017-06-21 12:28:05,10:50:05,INTERNATIONAL
393,59274,461,2003-08-25 01:08:56,23:38:56,INTERNATIONAL
394,16773,844,2014-04-08 06:58:51,00:05:51,INTERNATIONAL
395,42034,280,2003-02-16 14:43:22,12:50:22,INTERNATIONAL
396,63432,347,2013-01-23 04:12:14,22:27:14,DOMESTIC
397,2953,670,2010-08-23 03:26:33,21:53:33,DOMESTIC
398,48082,555,2007-05-12 18:18:01,17:41:01,INTERNATIONAL
399,27902,164,2007-02-06 00:08:56,20:14:56,DOMESTIC
400,54489,393,2010-04-24 22:32:18,18:37:18,INTERNATIONAL
401,57756,30,2015-05-10 20:29:49,14:40:49,INTERNATIONAL
402,33454,230,2015-11-10 15:41:14,14:07:14,DOMESTIC
403,38551,805,2015-09-16 00:04:21,17:27:21,INTERNATIONAL
404,45668,295,2003-05-13 15:31:40,13:48:40,DOMESTIC
405,35443,38,2005-06-04 23:08:21,21:08:21,INTERNATIONAL
406,5458,591,2007-06-09 04:38:34,01:44:34,INTERNATIONAL
407,19404,214,2012-04-19 13:25:23,09:30:23,DOMESTIC
408,43465,55,2016-07-10 01:19:47,23:25:47,INTERNATIONAL
409,18732,369,2017-01-01 14:47:08,12:11:08,INTERNATIONAL
410,11393,212,2008-08-19 10:12:23,05:16:23,DOMESTIC
411,15393,196,2001-03-18 09:14:46,06:21:46,INTERNATIONAL
412,57565,697,2009-08-23 05:23:09,02:29:09,DOMESTIC
413,28033,636,2012-05-22 16:04:08,13:21:08,DOMESTIC
414,11020,520,2014-07-18 10:08:00,04:31:00,DOMESTIC
415,66446,196,2011-02-03 08:50:44,05:14:44,INTERNATIONAL
416,27542,503,2003-09-23 12:47:57,06:03:57,INTERNATIONAL
417,47599,601,2014-11-06 19:39:25,16:49:25,DOMESTIC
418,44289,522,2004-05-10 17:28:14,16:50:14,INTERNATIONAL
419,52109,849,2013-07-01 20:18:05,13:48:05,INTERNATIONAL
420,21851,858,2016-06-21 09:56:17,08:16:17,DOMESTIC
421,8523,60,2016-03-11 00:17:01,22:40:01,INTERNATIONAL
422,31126,699,2004-02-18 04:52:34,02:21:34,DOMESTIC
423,11476,586,2004-10-05 09:11:54,08:41:54,INTERNATIONAL
424,41510,516,2000-11-03 21:16:01,18:43:01,INTERNATIONAL
425,41243,705,2003-06-26 13:05:43,08:18:43,INTERNATIONAL
426,30517,266,2017-02-05 20:20:10,14:40:10,INTERNATIONAL
427,21180,402,2001-08-17 22:03:03,21:08:03,INTERNATIONAL
428,40670,268,2008-08-25 15:07:06,09:31:06,INTERNATIONAL
429,66167,586,2002-09-20 08:18:49,07:35:49,DOMESTIC
430,15784,854,2002-11-24 14:55:01,12:13:01,INTERNATIONAL
431,60183,389,2004-10-06 17:38:24,12:00:24,INTERNATIONAL
432,43437,429,2010-01-02 18:42:51,13:54:51,DOMESTIC
433,3657,701,2008-12-30 04:45:13,00:08:13,INTERNATIONAL
434,26560,53,2011-07-07 00:45:07,22:56:07,DOMESTIC
435,12727,221,2006-08-10 04:06:46,23:32:46,INTERNATIONAL
436,22360,739,2005-12-09 14:25:27,09:25:27,DOMESTIC
437,25537,560,2008-05-17 09:06:01,08:23:01,DOMESTIC
438,17794,743,2014-09-13 09:02:35,05:21:35,INTERNATIONAL
439,16173,690,2007-11-07 10:54:47,08:12:47,INTERNATIONAL
440,8668,88,2001-02-05 16:31:44,11:54:44,INTERNATIONAL
441,7472,42,2013-08-22 21:21:55,15:21:55,INTERNATIONAL
442,39413,276,2010-11-06 10:56:56,04:13:56,INTERNATIONAL
443,24810,646,2017-07-22 07:59:31,03:28:31,INTERNATIONAL
444,62978,358,2006-05-11 02:50:35,22:54:35,INTERNATIONAL
445,18300,316,2006-01-19 21:56:23,18:57:23,INTERNATIONAL
446,30347,786,2008-09-07 21:45:31,20:11:31,INTERNATIONAL
447,63074,795,2008-03-15 09:16:39,02:31:39,DOMESTIC
448,40823,258,2014-05-02 01:19:15,00:19:15,DOMESTIC
449,36744,871,2001-10-28 01:21:06,21:30:06,DOMESTIC
450,19936,843,2002-05-11 14:27:59,10:38:59,DOMESTIC
451,2952,744,2012-05-30 06:28:19,03:40:19,INTERNATIONAL
452,30362,43,2015-04-18 21:57:54,18:57:54,DOMESTIC
453,48896,638,2003-07-31 02:45:16,01:15:16,INTERNATIONAL
454,43111,126,2003-05-28 14:07:58,09:17:58,INTERNATIONAL
455,22921,196,2016-11-13 11:23:12,07:32:12,DOMESTIC
456,59761,269,2011-08-20 20:09:04,15:34:04,INTERNATIONAL
457,455,814,2004-06-01 13:45:35,09:52:35,INTERNATIONAL
458,46794,734,2008-08-28 15:54:25,09:09:25,DOMESTIC
459,57096,652,2008-12-26 19:26:36,14:37:36,INTERNATIONAL
460,2606,569,2012-07-16 11:19:29,05:34:29,INTERNATIONAL
461,64655,266,2003-10-15 01:59:47,01:11:47,INTERNATIONAL
462,14395,201,2007-03-12 22:18:15,19:37:15,INTERNATIONAL
463,14541,317,2009-11-18 20:35:58,18:35:58,INTERNATIONAL
464,844,206,2008-07-25 04:42:45,00:45:45,INTERNATIONAL
465,36070,485,2015-03-08 17:51:52,11:13:52,INTERNATIONAL
466,38375,809,2008-12-25 07:32:04,02:45:04,DOMESTIC
467,54853,143,2015-06-24 11:20:43,10:25:43,INTERNATIONAL
468,358,544,2008-10-10 17:35:11,10:44:11,INTERNATIONAL
469,10974,169,2001-07-01 12:13:00,08:33:00,DOMESTIC
470,3728,420,2006-11-10 00:04:57,21:25:57,INTERNATIONAL
471,24579,498,2003-10-05 03:58:50,21:16:50,DOMESTIC
472,27311,700,2013-04-25 05:22:32,23:46:32,INTERNATIONAL
473,45532,635,2001-08-16 23:46:56,18:13:56,INTERNATIONAL
474,28845,300,2008-11-03 15:40:25,12:57:25,DOMESTIC
475,14359,285,2007-11-13 10:27:57,05:30:57,INTERNATIONAL
476,58609,414,2014-09-28 23:10:07,22:35:07,INTERNATIONAL
477,22547,689,2006-11-03 21:04:50,20:11:50,INTERNATIONAL
478,24961,852,2012-02-04 09:36:27,03:38:27,DOMESTIC
479,9006,169,2002-02-05 02:20:41,21:39:41,INTERNATIONAL
480,19023,319,2007-09-09 01:21:53,18:36:53,INTERNATIONAL
481,3274,296,2012-03-28 20:19:23,19:24:23,DOMESTIC
482,7958,660,2012-10-14 20:27:24,17:45:24,INTERNATIONAL
483,18388,706,2016-06-21 12:10:59,10:23:59,DOMESTIC
484,19753,161,2007-07-18 19:34:12,17:48:12,INTERNATIONAL
485,45622,825,2008-10-28 05:00:16,03:23:16,INTERNATIONAL
486,36160,280,2001-07-27 13:15:10,11:16:10,INTERNATIONAL
487,13807,216,2008-07-15 13:18:49,09:23:49,INTERNATIONAL
488,18851,554,2002-04-01 09:06:14,08:34:14,INTERNATIONAL
489,17803,878,2014-04-04 00:14:34,17:30:34,INTERNATIONAL
490,39892,384,2006-11-23 03:42:57,23:47:57,DOMESTIC
491,40176,863,2006-11-30 22:41:17,20:08:17,DOMESTIC
492,20381,424,2007-12-25 00:22:11,20:32:11,DOMESTIC
493,60694,11,2006-10-22 06:41:44,00:00:44,INTERNATIONAL
494,51005,445,2011-04-17 10:06:38,07:31:38,INTERNATIONAL
495,66189,228,2002-11-19 17:59:03,12:24:03,INTERNATIONAL
496,58859,559,2004-01-31 04:27:09,03:55:09,DOMESTIC
497,43031,461,2003-04-22 14:39:36,10:40:36,INTERNATIONAL
498,33059,680,2001-03-26 07:35:18,05:56:18,INTERNATIONAL
499,56163,632,2008-06-06 20:22:20,14:46:20,INTERNATIONAL
500,55903,135,2015-07-08 19:24:33,15:53:33,INTERNATIONAL
501,53478,411,2002-09-27 09:14:10,03:34:10,DOMESTIC
502,15750,621,2011-09-22 17:52:16,16:57:16,DOMESTIC
503,5295,205,2001-02-01 12:52:58,07:22:58,DOMESTIC
504,28303,697,2012-11-08 05:49:51,03:16:51,INTERNATIONAL
505,46566,572,2011-01-05 00:02:27,18:30:27,DOMESTIC
506,20236,219,2008-02-03 14:01:20,07:11:20,INTERNATIONAL
507,54207,121,2010-02-19 15:04:44,12:15:44,INTERNATIONAL
508,51547,705,2011-12-04 22:07:49,17:37:49,INTERNATIONAL
509,15551,396,2004-02-01 12:36:43,05:54:43,DOMESTIC
510,64609,436,2004-08-20 14:46:38,14:08:38,DOMESTIC
511,21047,799,2001-12-17 22:29:48,17:43:48,INTERNATIONAL
512,8105,765,2006-12-18 03:07:04,02:37:04,INTERNATIONAL
513,13865,800,2011-04-19 02:45:31,20:05:31,DOMESTIC
514,25828,188,2013-04-01 12:20:10,07:44:10,INTERNATIONAL
515,47338,100,2002-10-29 08:09:53,02:34:53,DOMESTIC
516,19492,9,2006-10-16 22:36:21,22:00:21,DOMESTIC
517,13294,394,2013-07-08 02:52:38,01:12:38,DOMESTIC
518,51974,25,2003-07-02 21:02:22,17:04:22,DOMESTIC
519,54878,376,2015-02-28 14:39:08,10:57:08,INTERNATIONAL
520,31743,786,2006-03-11 22:29:55,21:48:55,INTERNATIONAL
521,19494,184,2005-11-29 00:01:33,22:13:33,DOMESTIC
522,28173,110,2002-12-08 09:52:44,02:54:44,INTERNATIONAL
523,38795,216,2005-06-30 14:02:17,12:02:17,DOMESTIC
524,3785,687,2002-09-14 16:20:58,13:49:58,DOMESTIC
525,15676,653,2006-12-05 19:18:00,12:41:00,INTERNATIONAL
526,59160,154,2001-03-01 23:13:29,16:34:29,INTERNATIONAL
527,14988,405,2016-07-09 16:37:26,10:47:26,INTERNATIONAL
528,51163,285,2007-10-23 23:32:21,19:49:21,DOMESTIC
529,58600,332,2012-03-30 15:57:40,13:16:40,DOMESTIC
530,19066,771,2008-05-24 22:34:22,16:49:22,DOMESTIC
531,22740,112,2006-09-04 22:28:15,21:44:15,INTERNATIONAL
532,66061,675,2015-09-15 16:49:52,11:19:52,DOMESTIC
533,65221,552,2012-06-14 01:22:11,21:43:11,INTERNATIONAL
534,53075,378,2004-11-20 01:43:16,20:02:16,INTERNATIONAL
535,60405,406,2008-06-14 16:21:52,14:26:52,INTERNATIONAL
536,59904,283,2014-06-17 19:56:02,18:57:02,INTERNATIONAL
537,18539,879,2002-11-22 16:40:33,09:52:33,DOMESTIC
538,36802,753,2017-04-04 04:25:14,02:42:14,INTERNATIONAL
539,10154,36,2001-12-26 12:48:52,11:01:52,DOMESTIC
540,32153,719,2001-08-01 08:50:36,03:12:36,INTERNATIONAL
541,48119,364,2008-11-28 13:50:06,07:18:06,INTERNATIONAL
542,65327,185,2004-01-23 11:01:45,04:15:45,INTERNATIONAL
543,14078,415,2017-03-03 05:41:55,00:01:55,DOMESTIC
544,37913,384,2006-04-14 22:04:27,16:29:27,INTERNATIONAL
545,5192,107,2012-07-09 20:45:54,14:02:54,INTERNATIONAL
546,53263,189,2003-10-07 08:53:45,05:12:45,DOMESTIC
547,2508,494,2013-05-04 19:33:17,13:58:17,DOMESTIC
548,35229,672,2002-01-08 11:44:10,08:50:10,DOMESTIC
549,55566,168,2007-05-30 22:40:22,16:58:22,DOMESTIC
550,34662,380,2002-08-29 14:26:19,12:31:19,INTERNATIONAL
551,32232,503,2015-08-05 18:35:55,16:53:55,INTERNATIONAL
552,49893,456,2005-08-20 13:29:57,08:34:57,INTERNATIONAL
553,64355,867,2013-09-21 19:59:07,16:01:07,INTERNATIONAL
554,28858,644,2011-05-26 10:41:48,04:47:48,INTERNATIONAL
555,35801,115,2013-02-14 02:58:00,01:08:00,INTERNATIONAL
556,58821,39,2014-10-02 02:03:35,20:24:35,DOMESTIC
557,50840,808,2009-03-18 15:16:02,12:36:02,INTERNATIONAL
558,40215,500,2013-03-21 12:12:47,08:41:47,DOMESTIC
559,52496,780,2017-01-02 13:59:28,08:03:28,INTERNATIONAL
560,8837,317,2012-02-01 22:32:41,21:35:41,DOMESTIC
561,10335,499,2014-08-12 09:10:10,02:28:10,DOMESTIC
562,48159,437,2005-10-16 20:11:23,16:25:23,DOMESTIC
563,23469,615,2003-05-01 17:00:00,11:23:00,DOMESTIC
564,36256,122,2013-08-17 20:14:37,13:28:37,INTERNATIONAL
565,26,635,2013-11-04 13:07:06,07:21:06,DOMESTIC
566,46573,305,2015-01-07 19:24:07,15:32:07,INTERNATIONAL
567,50008,702,2004-11-17 15:52:38,11:21:38,INTERNATIONAL
568,59480,371,2004-01-01 22:21:16,16:45:16,INTERNATIONAL
569,35852,554,2004-12-25 01:36:50,21:50:50,INTERNATIONAL
570,21815,701,2015-07-23 12:09:39,05:11:39,INTERNATIONAL
571,52829,749,2013-01-15 12:25:07,06:33:07,INTERNATIONAL
572,32564,37,2005-02-01 01:16:56,19:16:56,INTERNATIONAL
573,21822,429,2003-04-11 02:57:27,22:11:27,DOMESTIC
574,21256,676,2009-11-03 06:27:16,05:48:16,INTERNATIONAL
575,55283,582,2001-11-17 22:01:56,17:05:56,DOMESTIC
576,15891,577,2002-05-10 13:18:00,06:20:00,DOMESTIC
577,13509,719,2015-02-18 18:31:25,13:50:25,DOMESTIC
578,37245,810,2003-04-23 09:14:24,03:36:24,INTERNATIONAL
579,22936,594,2008-02-24 09:04:16,07:18:16,INTERNATIONAL
580,28568,273,2016-01-16 23:47:34,21:08:34,INTERNATIONAL
581,4305,632,2014-06-05 16:11:05,15:20:05,DOMESTIC
582,4360,497,2011-12-25 06:58:16,00:26:16,DOMESTIC
583,21197,74,2015-09-09 11:10:24,08:24:24,INTERNATIONAL
584,39815,260,2015-01-11 12:52:03,07:19:03,INTERNATIONAL
585,31336,83,2012-11-03 22:44:56,21:48:56,INTERNATIONAL
586,11394,287,2015-05-21 03:04:56,21:15:56,INTERNATIONAL
587,30752,759,2012-06-04 23:14:28,20:39:28,INTERNATIONAL
588,21850,103,2004-05-21 16:51:01,12:05:01,INTERNATIONAL
589,63763,521,2015-01-04 17:23:08,13:48:08,INTERNATIONAL
590,42416,600,2010-02-15 07:50:15,06:06:15,INTERNATIONAL
591,32817,196,2002-07-31 04:19:50,03:20:50,DOMESTIC
592,49467,704,2006-03-11 08:34:24,02:55:24,DOMESTIC
593,62246,829,2005-11-29 11:58:44,05:13:44,INTERNATIONAL
594,64746,248,2003-05-29 11:28:43,06:56:43,DOMESTIC
595,27388,601,2012-06-18 21:44:03,21:07:03,DOMESTIC
596,39146,751,2014-12-04 06:20:20,04:31:20,DOMESTIC
597,61464,124,2003-07-29 19:45:22,16:49:22,DOMESTIC
598,45955,575,2008-01-02 11:57:05,11:14:05,INTERNATIONAL
599,67182,186,2004-07-30 06:15:27,04:28:27,DOMESTIC
600,26952,558,2005-01-11 10:55:06,10:07:06,DOMESTIC
601,61019,592,2008-11-08 11:56:25,06:06:25,INTERNATIONAL
602,48657,533,2015-12-05 01:46:22,22:54:22,INTERNATIONAL
603,40898,500,2008-12-13 02:01:52,00:12:52,INTERNATIONAL
604,36083,429,2009-08-16 00:31:26,21:44:26,DOMESTIC
605,59228,740,2004-01-09 04:27:36,21:42:36,INTERNATIONAL
606,41809,177,2001-07-25 04:22:18,03:24:18,INTERNATIONAL
607,58981,174,2004-08-22 04:00:54,21:19:54,DOMESTIC
608,29267,126,2015-07-11 13:20:03,07:37:03,INTERNATIONAL
609,65702,47,2009-05-27 21:22:28,18:39:28,DOMESTIC
610,40611,172,2016-11-05 02:07:33,01:16:33,INTERNATIONAL
611,1061,408,2001-07-16 20:24:36,19:44:36,DOMESTIC
612,59789,359,2012-08-29 16:50:08,10:51:08,INTERNATIONAL
613,48713,531,2014-03-02 12:27:10,08:49:10,DOMESTIC
614,34860,582,2013-03-21 16:02:55,09:16:55,INTERNATIONAL
615,20480,633,2003-10-30 08:00:22,06:23:22,DOMESTIC
616,19687,225,2013-05-14 12:55:52,11:59:52,INTERNATIONAL
617,65746,137,2011-03-27 07:43:10,03:50:10,INTERNATIONAL
618,32267,634,2002-08-29 17:06:39,16:32:39,DOMESTIC
619,23308,639,2012-04-22 18:39:11,17:49:11,INTERNATIONAL
620,1555,805,2015-05-07 15:31:22,11:46:22,INTERNATIONAL
621,54738,703,2002-04-20 18:51:06,11:57:06,DOMESTIC
622,56610,714,2015-03-16 19:39:51,18:57:51,DOMESTIC
623,39470,459,2001-06-30 18:05:35,17:28:35,DOMESTIC
624,22546,662,2014-01-14 00:08:52,19:36:52,DOMESTIC
625,11225,8,2012-05-02 08:50:38,03:15:38,DOMESTIC
626,63352,728,2001-06-10 00:45:11,22:58:11,INTERNATIONAL
627,13629,293,2007-08-31 04:24:51,03:34:51,DOMESTIC
628,39851,161,2009-09-11 20:37:50,14:57:50,INTERNATIONAL
629,9056,279,2009-12-24 06:35:58,23:48:58,DOMESTIC
630,5734,803,2017-04-27 16:54:40,13:01:40,DOMESTIC
631,44462,705,2013-03-31 03:09:59,20:09:59,INTERNATIONAL
632,49103,568,2011-02-28 02:18:45,01:19:45,DOMESTIC
633,2966,412,2003-04-18 13:08:57,11:35:57,INTERNATIONAL
634,58337,675,2003-09-09 06:16:52,04:36:52,INTERNATIONAL
635,20388,341,2009-04-12 15:49:38,15:18:38,INTERNATIONAL
636,37803,234,2007-11-14 21:20:28,16:43:28,DOMESTIC
637,19037,865,2003-07-07 08:43:12,03:59:12,INTERNATIONAL
638,4073,646,2003-09-09 02:34:23,19:51:23,INTERNATIONAL
639,5616,159,2006-12-12 19:55:00,13:24:00,INTERNATIONAL
640,43090,556,2004-02-16 03:00:26,21:16:26,INTERNATIONAL
641,48747,52,2012-09-21 21:46:52,18:15:52,INTERNATIONAL
642,9544,856,2008-02-16 17:19:06,16:35:06,INTERNATIONAL
643,10509,654,2005-07-26 15:54:07,12:06:07,INTERNATIONAL
644,16732,146,2002-02-18 12:21:47,09:31:47,INTERNATIONAL
645,64917,447,2016-10-13 20:41:19,14:11:19,INTERNATIONAL
646,54139,718,2002-08-21 14:01:28,10:14:28,INTERNATIONAL
647,19785,388,2002-11-02 01:21:19,22:28:19,INTERNATIONAL
648,13414,28,2005-01-15 19:58:08,19:25:08,INTERNATIONAL
649,55367,531,2011-02-08 17:46:06,16:48:06,DOMESTIC
650,66126,425,2013-04-16 11:39:37,06:54:37,DOMESTIC
651,64910,59,2002-04-19 15:03:10,13:07:10,DOMESTIC
652,21281,261,2010-09-09 03:56:13,22:19:13,INTERNATIONAL
653,53921,102,2005-05-15 06:23:28,04:53:28,INTERNATIONAL
654,65527,755,2006-12-10 12:29:09,07:38:09,INTERNATIONAL
655,44802,21,2016-01-17 20:46:43,20:16:43,INTERNATIONAL
656,19863,434,2011-03-19 08:43:05,02:49:05,INTERNATIONAL
657,4108,162,2016-09-03 10:43:51,06:45:51,INTERNATIONAL
658,10237,395,2011-08-11 10:36:33,08:54:33,DOMESTIC
659,23318,138,2015-12-24 03:20:05,21:43:05,INTERNATIONAL
660,56999,409,2010-03-03 16:43:19,09:49:19,DOMESTIC
661,23049,639,2015-09-16 10:46:38,07:52:38,INTERNATIONAL
662,24460,799,2007-09-17 13:59:11,13:05:11,INTERNATIONAL
663,25613,25,2000-12-12 02:43:11,21:55:11,INTERNATIONAL
664,48053,42,2007-07-15 21:39:15,19:46:15,DOMESTIC
665,46903,452,2008-09-08 21:53:07,18:23:07,INTERNATIONAL
666,38044,355,2004-04-03 23:24:06,22:51:06,DOMESTIC
667,65825,120,2007-02-23 08:36:28,05:57:28,INTERNATIONAL
668,67326,563,2016-06-06 06:04:14,00:25:14,INTERNATIONAL
669,1608,176,2013-06-15 06:52:00,04:19:00,INTERNATIONAL
670,56035,63,2005-11-27 23:38:28,19:49:28,INTERNATIONAL
671,26066,817,2012-06-14 01:53:29,20:21:29,INTERNATIONAL
672,67534,629,2013-03-16 17:31:13,10:43:13,INTERNATIONAL
673,36546,809,2008-11-24 14:21:55,09:28:55,INTERNATIONAL
674,24354,212,2014-07-01 12:45:18,12:14:18,DOMESTIC
675,47772,140,2007-09-27 09:51:27,05:18:27,INTERNATIONAL
676,37563,110,2002-09-17 08:14:59,01:21:59,INTERNATIONAL
677,58774,842,2000-11-13 21:19:08,16:48:08,DOMESTIC
678,50529,591,2012-12-17 09:04:13,02:28:13,DOMESTIC
679,19804,695,2003-05-15 20:34:59,19:01:59,DOMESTIC
680,21836,717,2002-01-26 15:27:44,11:41:44,INTERNATIONAL
681,16896,189,2008-07-25 03:50:02,03:10:02,INTERNATIONAL
682,9280,472,2011-02-10 14:41:13,08:53:13,DOMESTIC
683,6731,87,2005-10-13 16:37:08,14:01:08,DOMESTIC
684,17175,123,2001-03-03 03:55:34,01:05:34,INTERNATIONAL
685,14925,521,2011-03-22 13:12:27,11:38:27,INTERNATIONAL
686,36434,307,2003-06-01 11:36:34,04:37:34,INTERNATIONAL
687,64939,793,2006-02-26 18:59:18,12:26:18,INTERNATIONAL
688,62074,218,2012-02-13 09:16:40,08:33:40,INTERNATIONAL
689,38958,863,2004-04-14 04:35:10,00:03:10,INTERNATIONAL
690,13539,786,2007-08-13 10:26:51,06:52:51,INTERNATIONAL
691,11198,476,2004-11-22 01:39:15,21:49:15,DOMESTIC
692,36849,282,2015-10-10 16:27:17,13:27:17,DOMESTIC
693,57511,399,2001-11-18 23:03:07,17:23:07,INTERNATIONAL
694,12143,112,2001-06-19 02:28:42,22:57:42,INTERNATIONAL
695,65603,15,2001-02-23 19:04:40,12:27:40,INTERNATIONAL
696,20994,532,2013-06-04 23:38:39,20:43:39,INTERNATIONAL
697,37220,518,2003-06-03 16:39:48,11:40:48,INTERNATIONAL
698,10813,516,2005-11-30 07:51:13,06:19:13,INTERNATIONAL
699,13116,822,2004-06-28 18:38:21,12:53:21,DOMESTIC
700,35006,30,2011-12-22 10:18:03,08:42:03,INTERNATIONAL
701,1530,387,2001-06-14 17:44:22,16:58:22,DOMESTIC
702,35436,242,2001-01-14 04:58:21,04:15:21,INTERNATIONAL
703,58137,316,2016-12-05 21:07:31,16:07:31,DOMESTIC
704,28378,880,2017-06-01 04:53:57,03:17:57,DOMESTIC
705,41955,580,2004-11-30 23:18:31,17:29:31,DOMESTIC
706,52685,461,2008-10-10 19:31:47,12:47:47,INTERNATIONAL
707,64794,547,2008-09-07 10:15:43,03:17:43,DOMESTIC
708,53835,130,2010-02-16 00:00:12,21:10:12,DOMESTIC
709,43591,129,2011-06-23 18:52:32,12:22:32,INTERNATIONAL
710,17507,215,2013-04-04 14:58:29,08:19:29,DOMESTIC
711,42435,565,2001-07-23 08:21:31,06:25:31,DOMESTIC
712,5310,433,2016-12-19 09:04:45,06:33:45,INTERNATIONAL
713,59797,389,2006-12-07 02:06:08,20:33:08,INTERNATIONAL
714,49308,316,2010-04-10 01:55:46,19:12:46,DOMESTIC
715,20231,142,2001-03-24 16:50:01,15:55:01,INTERNATIONAL
716,39737,231,2007-07-09 07:15:45,04:23:45,INTERNATIONAL
717,8897,817,2011-12-17 18:19:17,12:42:17,INTERNATIONAL
718,44592,766,2010-07-12 20:02:47,15:07:47,INTERNATIONAL
719,8584,298,2009-09-25 18:35:12,16:55:12,INTERNATIONAL
720,22642,73,2016-05-24 10:16:29,08:41:29,INTERNATIONAL
721,24296,156,2005-08-12 09:46:10,09:09:10,INTERNATIONAL
722,6237,433,2001-01-06 11:40:19,08:49:19,DOMESTIC
723,10213,140,2001-12-14 15:23:38,14:36:38,INTERNATIONAL
724,61475,293,2005-03-28 03:38:59,00:54:59,DOMESTIC
725,4336,683,2007-03-02 09:03:10,07:24:10,INTERNATIONAL
726,53944,108,2010-05-21 09:26:02,05:39:02,INTERNATIONAL
727,3875,608,2014-09-02 02:11:14,01:20:14,DOMESTIC
728,64023,554,2017-09-14 10:27:55,04:33:55,INTERNATIONAL
729,59692,283,2002-04-12 15:39:00,14:48:00,INTERNATIONAL
730,5490,167,2005-04-30 16:12:34,14:25:34,DOMESTIC
731,44959,761,2002-02-07 15:48:41,12:17:41,DOMESTIC
732,4535,27,2013-06-23 02:13:11,19:21:11,DOMESTIC
733,39928,196,2014-02-26 11:21:33,10:38:33,INTERNATIONAL
734,4464,425,2017-10-28 01:35:01,20:41:01,DOMESTIC
735,27552,350,2015-12-11 07:34:46,03:58:46,INTERNATIONAL
736,35290,598,2003-11-16 06:40:20,00:58:20,INTERNATIONAL
737,47992,79,2001-03-11 11:17:07,06:46:07,INTERNATIONAL
738,32730,591,2001-10-02 02:58:59,21:18:59,INTERNATIONAL
739,29661,64,2001-02-17 08:59:25,02:05:25,DOMESTIC
740,45009,264,2005-02-24 11:09:12,09:31:12,DOMESTIC
741,59706,589,2015-11-19 00:19:40,19:24:40,INTERNATIONAL
742,35557,628,2013-05-27 20:45:40,19:00:40,INTERNATIONAL
743,67453,129,2011-08-17 20:20:55,13:47:55,INTERNATIONAL
744,18040,145,2000-12-02 19:13:32,15:31:32,DOMESTIC
745,41449,448,2001-05-05 16:31:16,15:00:16,INTERNATIONAL
746,23787,316,2006-05-12 05:49:32,04:58:32,DOMESTIC
747,3942,508,2010-05-01 13:15:07,12:33:07,DOMESTIC
748,14147,628,2012-05-26 05:05:53,22:07:53,DOMESTIC
749,17299,680,2014-04-23 03:16:38,23:21:38,DOMESTIC
750,50946,649,2008-09-04 21:12:17,17:13:17,INTERNATIONAL
751,54720,304,2003-08-05 07:33:24,03:49:24,INTERNATIONAL
752,34376,794,2015-04-15 11:54:51,06:11:51,INTERNATIONAL
753,36175,818,2010-11-16 21:26:52,14:26:52,INTERNATIONAL
754,23684,820,2001-09-05 02:19:54,21:30:54,DOMESTIC
755,42676,778,2009-04-18 10:01:04,05:14:04,INTERNATIONAL
756,46075,659,2006-04-26 07:17:23,05:43:23,DOMESTIC
757,34470,326,2016-10-31 07:13:39,02:37:39,DOMESTIC
758,20258,129,2003-04-08 05:55:16,23:25:16,DOMESTIC
759,53358,319,2009-06-08 21:32:03,20:52:03,INTERNATIONAL
760,49368,16,2015-02-11 00:07:46,20:32:46,DOMESTIC
761,63492,809,2017-02-16 23:26:52,21:42:52,INTERNATIONAL
762,57989,495,2001-05-26 06:59:56,04:12:56,INTERNATIONAL
763,27077,862,2005-11-20 16:50:43,14:12:43,INTERNATIONAL
764,45421,470,2010-10-15 13:32:18,10:41:18,INTERNATIONAL
765,2078,424,2012-08-20 21:07:18,19:33:18,INTERNATIONAL
766,4780,528,2012-04-29 08:09:52,05:15:52,INTERNATIONAL
767,40052,855,2006-03-24 07:15:24,00:32:24,INTERNATIONAL
768,6077,383,2003-01-31 09:51:04,07:13:04,DOMESTIC
769,65765,61,2001-12-31 16:20:19,12:48:19,DOMESTIC
770,44529,392,2002-08-07 14:11:37,13:16:37,INTERNATIONAL
771,2412,645,2012-12-21 22:26:27,16:48:27,INTERNATIONAL
772,4444,541,2005-12-01 07:47:33,01:08:33,INTERNATIONAL
773,5336,343,2016-10-17 18:51:29,15:16:29,DOMESTIC
774,4653,21,2015-09-04 03:49:04,00:59:04,DOMESTIC
775,21344,304,2005-09-23 11:21:34,09:40:34,INTERNATIONAL
776,51089,417,2015-06-21 14:54:46,11:12:46,INTERNATIONAL
777,37972,299,2014-07-03 14:54:12,13:59:12,INTERNATIONAL
778,12975,80,2002-10-10 16:12:38,12:23:38,INTERNATIONAL
779,52086,658,2010-01-22 21:24:04,16:35:04,DOMESTIC
780,63294,587,2008-09-28 19:07:09,15:11:09,DOMESTIC
781,49043,5,2006-05-05 00:13:56,19:19:56,INTERNATIONAL
782,25913,678,2015-12-08 06:27:24,01:38:24,DOMESTIC
783,62324,851,2015-02-09 23:58:12,17:03:12,DOMESTIC
784,29539,78,2010-07-26 18:13:05,17:38:05,INTERNATIONAL
785,22525,666,2011-08-09 15:21:22,13:42:22,INTERNATIONAL
786,66229,260,2002-03-29 23:17:16,22:34:16,DOMESTIC
787,24453,670,2017-07-25 00:08:13,22:19:13,INTERNATIONAL
788,64325,628,2005-10-17 05:05:35,23:14:35,INTERNATIONAL
789,49729,65,2013-04-14 14:31:39,09:01:39,DOMESTIC
790,8125,804,2013-08-19 21:57:09,20:21:09,INTERNATIONAL
791,44242,58,2007-02-14 23:21:49,17:50:49,INTERNATIONAL
792,7979,293,2013-10-31 15:19:32,11:45:32,DOMESTIC
793,62443,478,2006-08-19 01:43:30,19:51:30,INTERNATIONAL
794,47291,120,2011-08-09 14:44:45,11:14:45,INTERNATIONAL
795,62096,590,2001-05-02 10:55:17,10:17:17,INTERNATIONAL
796,10983,824,2009-03-26 08:28:21,04:35:21,DOMESTIC
797,14995,226,2006-12-25 00:44:05,23:00:05,INTERNATIONAL
798,50873,219,2009-09-13 10:14:55,09:29:55,INTERNATIONAL
799,54333,387,2005-08-14 10:33:26,06:38:26,INTERNATIONAL
800,29478,97,2008-12-20 16:15:26,14:29:26,INTERNATIONAL
801,62032,334,2016-11-16 06:11:27,03:34:27,DOMESTIC
802,43195,626,2011-07-22 21:21:10,14:22:10,INTERNATIONAL
803,62301,582,2013-01-05 13:20:38,06:26:38,DOMESTIC
804,10339,737,2016-10-28 10:54:43,06:11:43,DOMESTIC
805,55941,433,2013-04-26 14:43:00,08:03:00,INTERNATIONAL
806,38475,540,2007-05-12 18:12:39,13:25:39,INTERNATIONAL
807,22744,105,2010-11-18 05:41:19,00:11:19,INTERNATIONAL
808,50244,660,2011-07-27 00:35:11,21:45:11,INTERNATIONAL
809,54458,598,2003-10-23 04:33:27,01:59:27,INTERNATIONAL
810,10999,584,2014-07-19 06:25:47,04:49:47,DOMESTIC
811,21944,333,2003-04-24 00:13:45,18:18:45,INTERNATIONAL
812,51066,437,2010-04-04 16:08:28,09:21:28,INTERNATIONAL
813,37792,355,2009-11-11 02:36:45,21:50:45,DOMESTIC
814,24863,519,2001-04-24 21:24:45,16:34:45,INTERNATIONAL
815,36858,50,2002-06-24 13:29:37,08:33:37,DOMESTIC
816,6432,278,2011-08-24 11:15:33,06:44:33,DOMESTIC
817,64131,255,2016-08-05 04:18:45,03:38:45,INTERNATIONAL
818,62611,435,2005-12-03 04:28:50,23:54:50,INTERNATIONAL
819,55145,838,2007-12-19 13:07:04,07:37:04,INTERNATIONAL
820,57575,488,2016-03-17 21:32:44,19:51:44,INTERNATIONAL
821,40877,487,2013-09-02 02:58:57,23:26:57,INTERNATIONAL
822,8697,448,2006-10-03 23:03:53,18:15:53,INTERNATIONAL
823,21113,837,2006-06-06 11:04:45,04:19:45,DOMESTIC
824,63836,19,2015-09-01 11:52:00,08:09:00,INTERNATIONAL
825,24368,711,2005-02-27 17:52:50,13:02:50,INTERNATIONAL
826,67483,598,2011-12-20 12:06:26,05:21:26,INTERNATIONAL
827,58011,36,2005-07-02 05:53:48,05:10:48,INTERNATIONAL
828,38480,427,2004-03-28 21:25:07,17:33:07,INTERNATIONAL
829,48203,878,2013-10-03 12:37:42,08:07:42,DOMESTIC
830,43875,218,2003-01-08 14:43:19,13:50:19,INTERNATIONAL
831,40569,860,2017-01-18 09:14:16,07:24:16,DOMESTIC
832,17243,701,2014-02-20 14:48:38,11:00:38,INTERNATIONAL
833,803,357,2017-04-24 18:39:57,12:43:57,DOMESTIC
834,29428,76,2014-01-10 21:36:02,15:03:02,INTERNATIONAL
835,43759,191,2009-08-30 11:09:11,04:10:11,INTERNATIONAL
836,53659,327,2012-08-23 17:32:27,13:02:27,INTERNATIONAL
837,7893,749,2012-10-13 12:35:59,11:41:59,INTERNATIONAL
838,33886,102,2015-02-13 07:19:50,04:41:50,DOMESTIC
839,50886,296,2013-05-21 16:16:19,11:22:19,INTERNATIONAL
840,8692,239,2009-09-02 01:48:23,23:14:23,INTERNATIONAL
841,44128,803,2012-04-17 04:54:39,22:15:39,INTERNATIONAL
842,49325,265,2009-12-20 09:55:08,04:24:08,DOMESTIC
843,58616,504,2001-10-13 21:11:42,20:16:42,INTERNATIONAL
844,62938,470,2002-03-15 20:31:44,17:54:44,DOMESTIC
845,21325,339,2011-04-22 10:32:03,04:46:03,INTERNATIONAL
846,36855,14,2011-02-02 04:29:29,01:36:29,INTERNATIONAL
847,38396,340,2008-04-25 05:35:40,23:46:40,INTERNATIONAL
848,35832,265,2008-03-09 16:30:39,10:55:39,DOMESTIC
849,25756,829,2006-10-23 12:03:15,08:10:15,DOMESTIC
850,8767,574,2002-10-09 09:50:26,03:13:26,INTERNATIONAL
851,32973,622,2009-12-10 06:21:35,04:21:35,DOMESTIC
852,26160,700,2008-06-20 06:40:19,02:10:19,DOMESTIC
853,54249,448,2002-04-09 23:25:51,22:25:51,DOMESTIC
854,34943,19,2015-04-13 23:35:49,17:49:49,DOMESTIC
855,44880,729,2008-11-18 02:47:33,02:14:33,DOMESTIC
856,41818,477,2010-08-28 17:58:15,11:06:15,DOMESTIC
857,67306,99,2004-02-14 19:34:01,16:48:01,DOMESTIC
858,57832,301,2007-01-11 19:42:20,15:11:20,INTERNATIONAL
859,33637,773,2012-05-06 09:54:01,05:13:01,DOMESTIC
860,5603,623,2007-05-07 10:50:29,06:02:29,INTERNATIONAL
861,53679,204,2015-06-18 12:27:48,09:52:48,DOMESTIC
862,31542,749,2015-03-05 09:27:36,04:38:36,INTERNATIONAL
863,40798,467,2003-12-13 13:20:32,12:21:32,DOMESTIC
864,6481,297,2016-06-19 08:54:47,03:05:47,INTERNATIONAL
865,47627,65,2014-04-25 17:17:19,11:34:19,DOMESTIC
866,39939,658,2008-11-05 09:12:59,07:28:59,DOMESTIC
867,6642,630,2010-12-25 20:34:57,17:03:57,INTERNATIONAL
868,31227,441,2008-12-25 15:42:05,11:58:05,DOMESTIC
869,44439,135,2006-12-18 04:52:19,22:13:19,DOMESTIC
870,51875,18,2007-08-05 16:45:07,14:01:07,INTERNATIONAL
871,55351,17,2001-10-23 04:52:10,03:03:10,INTERNATIONAL
872,63004,654,2002-08-26 04:46:12,23:02:12,INTERNATIONAL
873,13778,57,2008-01-15 08:57:56,03:59:56,INTERNATIONAL
874,19598,251,2017-07-10 08:59:23,05:02:23,INTERNATIONAL
875,57283,707,2015-12-17 18:03:50,16:07:50,DOMESTIC
876,48600,510,2013-03-14 16:29:32,15:49:32,DOMESTIC
877,5592,285,2002-05-02 01:17:40,22:18:40,DOMESTIC
878,53410,819,2012-07-20 09:57:33,07:19:33,INTERNATIONAL
879,59833,270,2001-06-22 09:49:34,08:49:34,DOMESTIC
880,7331,397,2010-08-06 15:17:01,12:41:01,INTERNATIONAL
881,59101,769,2016-07-05 06:08:38,05:19:38,DOMESTIC
882,62276,186,2017-04-08 05:08:36,03:28:36,DOMESTIC
883,54423,468,2009-01-14 14:43:08,12:58:08,INTERNATIONAL
884,53231,60,2004-05-20 20:31:04,15:43:04,DOMESTIC
885,44264,296,2001-07-17 14:45:35,09:03:35,INTERNATIONAL
886,58480,716,2005-12-14 13:06:46,10:18:46,INTERNATIONAL
887,23938,183,2015-10-11 11:43:04,05:02:04,INTERNATIONAL
888,53618,284,2003-11-10 03:06:03,01:12:03,DOMESTIC
889,38042,128,2005-02-09 06:01:34,01:06:34,INTERNATIONAL
890,22212,870,2013-11-11 01:25:32,20:33:32,INTERNATIONAL
891,37438,6,2006-08-29 21:17:18,14:26:18,INTERNATIONAL
892,15820,791,2009-12-19 08:42:03,02:07:03,DOMESTIC
893,14786,269,2011-05-19 01:25:57,18:45:57,INTERNATIONAL
894,50201,475,2004-12-04 04:22:33,23:24:33,DOMESTIC
895,11337,838,2003-02-07 22:13:16,17:40:16,INTERNATIONAL
896,54530,841,2013-12-29 17:13:00,11:13:00,INTERNATIONAL
897,28609,267,2015-04-21 07:26:30,04:41:30,INTERNATIONAL
898,51549,839,2004-10-17 09:11:13,08:25:13,DOMESTIC
899,9086,416,2017-07-03 13:18:18,11:42:18,DOMESTIC
900,6569,380,2010-10-26 16:06:01,12:16:01,INTERNATIONAL
901,66231,678,2017-08-12 03:20:11,02:36:11,INTERNATIONAL
902,36399,142,2011-07-23 05:34:52,03:45:52,DOMESTIC
903,51360,7,2008-06-22 16:17:10,15:37:10,INTERNATIONAL
904,45371,279,2012-04-08 03:16:20,01:27:20,INTERNATIONAL
905,27863,88,2006-10-02 12:19:03,06:33:03,INTERNATIONAL
906,40895,337,2011-03-19 01:43:30,22:04:30,INTERNATIONAL
907,35254,147,2003-06-24 20:46:47,15:46:47,INTERNATIONAL
908,23413,412,2002-01-08 07:36:49,01:54:49,DOMESTIC
909,5238,371,2012-08-25 08:02:19,04:09:19,INTERNATIONAL
910,55378,860,2003-02-28 11:45:41,08:52:41,INTERNATIONAL
911,20867,413,2006-09-17 16:24:52,09:46:52,DOMESTIC
912,337,881,2000-12-28 08:04:28,05:17:28,INTERNATIONAL
913,43076,820,2011-02-03 18:34:52,14:56:52,INTERNATIONAL
914,65164,457,2007-07-25 23:18:22,18:38:22,DOMESTIC
915,43389,438,2001-09-06 15:19:13,09:31:13,INTERNATIONAL
916,37296,249,2001-05-21 23:38:52,17:51:52,DOMESTIC
917,49157,881,2016-07-02 04:45:50,23:09:50,DOMESTIC
918,44362,827,2012-06-06 17:24:31,10:45:31,INTERNATIONAL
919,62100,111,2010-07-11 21:11:05,18:15:05,DOMESTIC
920,67565,789,2005-04-08 02:01:36,21:18:36,DOMESTIC
921,42299,593,2005-05-29 12:29:55,08:42:55,DOMESTIC
922,54688,177,2001-03-23 11:27:17,10:45:17,INTERNATIONAL
923,49509,431,2006-08-08 02:33:01,22:52:01,DOMESTIC
924,51324,217,2017-10-02 10:05:44,04:22:44,INTERNATIONAL
925,23486,846,2001-05-12 15:43:28,11:51:28,INTERNATIONAL
926,55125,562,2005-08-17 22:16:31,18:29:31,INTERNATIONAL
927,62678,840,2013-01-03 12:32:19,07:52:19,DOMESTIC
928,19252,435,2004-04-10 02:54:11,20:59:11,INTERNATIONAL
929,39929,386,2015-07-06 10:34:59,09:59:59,INTERNATIONAL
930,47750,181,2012-08-28 17:12:18,16:37:18,INTERNATIONAL
931,20878,493,2011-02-05 02:26:48,19:33:48,INTERNATIONAL
932,66297,250,2005-02-13 05:10:42,04:29:42,INTERNATIONAL
933,26877,345,2005-01-10 20:22:08,17:36:08,INTERNATIONAL
934,62651,127,2005-09-21 14:47:57,11:08:57,INTERNATIONAL
935,49572,702,2015-01-25 11:34:23,04:40:23,INTERNATIONAL
936,28187,588,2003-04-22 17:13:56,15:26:56,DOMESTIC
937,21113,147,2008-12-15 16:50:53,15:05:53,INTERNATIONAL
938,53671,698,2013-04-01 12:40:46,11:41:46,DOMESTIC
939,590,560,2001-07-22 05:55:20,03:00:20,INTERNATIONAL
940,428,328,2007-04-30 03:26:37,20:26:37,INTERNATIONAL
941,49687,598,2016-01-07 03:30:03,23:47:03,DOMESTIC
942,63361,748,2008-08-30 21:16:23,20:23:23,INTERNATIONAL
943,16316,308,2012-02-08 22:24:54,15:40:54,DOMESTIC
944,63077,603,2001-06-02 16:24:45,11:49:45,INTERNATIONAL
945,12561,874,2004-05-28 16:56:11,14:00:11,INTERNATIONAL
946,57899,433,2005-07-09 07:47:01,05:55:01,DOMESTIC
947,44857,493,2003-02-16 15:55:48,12:56:48,DOMESTIC
948,37197,690,2009-11-09 21:11:02,14:24:02,INTERNATIONAL
949,15915,563,2005-11-02 17:17:53,12:43:53,INTERNATIONAL
950,3333,408,2004-10-12 22:12:59,16:41:59,INTERNATIONAL
951,39536,837,2008-08-08 00:13:45,20:27:45,DOMESTIC
952,64589,602,2016-07-30 04:48:11,02:12:11,INTERNATIONAL
953,16739,24,2006-12-04 16:04:02,10:29:02,INTERNATIONAL
954,48024,783,2009-11-14 23:43:48,21:05:48,INTERNATIONAL
955,52810,131,2015-07-22 19:01:41,13:02:41,INTERNATIONAL
956,152,325,2003-03-17 01:55:15,00:08:15,INTERNATIONAL
957,8490,610,2012-01-13 08:33:23,07:44:23,DOMESTIC
958,12478,799,2005-09-28 23:41:07,20:02:07,INTERNATIONAL
959,30453,873,2016-10-15 14:05:52,09:26:52,INTERNATIONAL
960,65692,291,2004-10-31 04:39:37,03:39:37,DOMESTIC
961,49125,840,2008-03-19 14:09:52,08:19:52,INTERNATIONAL
962,29001,302,2006-04-19 07:47:46,04:14:46,INTERNATIONAL
963,2363,856,2001-12-30 08:09:29,02:20:29,DOMESTIC
964,61026,702,2009-11-15 15:34:28,14:36:28,INTERNATIONAL
965,139,360,2010-07-11 16:49:31,15:58:31,INTERNATIONAL
966,36384,690,2011-06-07 11:24:59,08:26:59,INTERNATIONAL
967,33891,190,2009-10-10 19:26:25,12:29:25,INTERNATIONAL
968,7877,486,2002-09-01 01:52:56,23:55:56,DOMESTIC
969,65145,822,2017-08-26 09:28:18,03:30:18,INTERNATIONAL
970,39586,665,2006-06-08 13:47:38,07:07:38,DOMESTIC
971,53898,691,2008-10-31 14:17:25,10:39:25,INTERNATIONAL
972,51998,141,2010-03-18 11:47:16,06:52:16,INTERNATIONAL
973,53092,532,2008-11-24 05:41:52,01:09:52,INTERNATIONAL
974,46236,73,2002-02-12 03:27:31,00:35:31,DOMESTIC
975,33525,334,2004-08-03 00:20:56,18:38:56,INTERNATIONAL
976,3398,94,2004-01-21 14:12:02,13:30:02,DOMESTIC
977,44134,221,2014-01-10 12:13:20,08:18:20,INTERNATIONAL
978,59851,313,2006-12-04 07:04:35,06:21:35,DOMESTIC
979,45603,609,2003-12-25 07:23:11,05:44:11,INTERNATIONAL
980,40595,532,2009-11-05 10:13:48,04:28:48,INTERNATIONAL
981,55370,254,2006-09-04 03:07:59,22:29:59,INTERNATIONAL
982,58980,496,2011-12-02 11:28:02,08:51:02,INTERNATIONAL
983,22918,875,2010-11-28 18:37:58,11:52:58,DOMESTIC
984,21417,569,2010-11-28 09:04:10,08:04:10,INTERNATIONAL
985,28686,329,2014-01-07 17:16:03,16:30:03,DOMESTIC
986,29278,794,2015-11-02 01:28:34,20:41:34,INTERNATIONAL
987,40558,236,2013-11-24 14:28:23,11:57:23,INTERNATIONAL
988,17750,647,2004-02-09 15:48:44,10:10:44,DOMESTIC
989,40795,879,2017-10-10 06:09:44,04:13:44,INTERNATIONAL
990,52725,751,2004-10-25 18:00:37,15:06:37,DOMESTIC
991,30591,836,2010-01-25 02:16:18,01:44:18,INTERNATIONAL
992,64730,739,2005-01-01 13:11:15,10:22:15,INTERNATIONAL
993,20520,683,2006-09-29 21:24:56,16:46:56,INTERNATIONAL
994,32531,28,2005-02-02 16:01:04,15:13:04,DOMESTIC
995,60510,529,2001-02-26 14:52:53,14:18:53,INTERNATIONAL
996,55582,160,2016-08-01 17:21:38,13:46:38,DOMESTIC
997,23739,7,2012-10-24 23:33:56,20:46:56,INTERNATIONAL
998,10791,871,2017-06-01 01:07:25,22:19:25,DOMESTIC
999,30267,739,2003-11-17 09:06:08,06:30:08,INTERNATIONAL
1000,30335,87,2011-07-24 06:01:51,01:20:51,INTERNATIONAL
